<?xml version="1.0" encoding="UTF-8"?>
<project-private xmlns="http://www.netbeans.org/ns/project-private/1">
    <editor-bookmarks xmlns="http://www.netbeans.org/ns/editor-bookmarks/2" lastBookmarkId="0"/>
    <open-files xmlns="http://www.netbeans.org/ns/projectui-open-files/2">
        <group>
            <file>file:/Users/guillermohernandez/Desktop/trabajos%20carrera/3er%20semestre/EDA%202/practicas/P1/Ejercicio%204/Practica1/src/Practica1Eda2/Seleccion.java</file>
            <file>file:/Users/guillermohernandez/Desktop/trabajos%20carrera/3er%20semestre/EDA%202/practicas/P1/Ejercicio%204/Practica1/src/Practica1Eda2/Principal.java</file>
            <file>file:/Users/guillermohernandez/Desktop/trabajos%20carrera/3er%20semestre/EDA%202/practicas/P1/Ejercicio%204/Practica1/src/Practica1Eda2/Insercion.java</file>
            <file>file:/Users/guillermohernandez/Desktop/trabajos%20carrera/3er%20semestre/EDA%202/practicas/P1/Ejercicio%204/Practica1/src/Practica1Eda2/Utilerias.java</file>
        </group>
    </open-files>
</project-private>
